Workbook

Sheet Sheet1
A1: COMPONENT | B1: WIDTH | C1: FLOWRATE | D1: =[1]STAIR!C3 -> PEDSPACE | E1: =[1]STAIR!D3 -> FLOW/MAXFLOW | F1: LO | G1: =[1]STAIR!G3 -> RELLO | H1: =[1]STAIR!H3 -> DF/OCC | I1: =[1]STAIR!I3 -> LA | J1: =[1]STAIR!J3 -> GTYPE | K1: =[1]STAIR!K3 -> LTYPE | L1: =[1]STAIR!L3 -> DTYPE | M1: OLD PROP | N1: DISABLED | O1: PHONE | P1: HANDRAIL | Q1: MIDDLE | R1: SIDE | S1: DIAGONAL | T1: AVGSPEED | U1: CAT 1
A2: =[2]Sheet1!A2 -> 1 | B2: =[2]Sheet1!B2 -> 1.8 | C2: =[2]Sheet1!C2 -> 0.14814815 | D2: =[2]Sheet1!D2 -> 4.3615385 | E2: =[2]Sheet1!E2 -> 0.1025641 | F2: =[2]Sheet1!F2 -> 47.445255 | G2: =[2]Sheet1!G2 -> 0.16752499 | H2: =[2]Sheet1!H2 -> 0.11824818 | ... T2: =[2]Sheet1!T2 -> 0.6 | U2: MAJ | W2: MAJ | X2: =COUNTIF(U2:U1955,"MAJ") -> 629
A3: =[2]Sheet1!A3 -> 1 | B3: =[2]Sheet1!B3 -> 1.8 | C3: =[2]Sheet1!C3 -> 0.2962963 | D3: =[2]Sheet1!D3 -> 2.3625 | E3: =[2]Sheet1!E3 -> 0.20512821 | F3: =[2]Sheet1!F3 -> 46.428571 | G3: =[2]Sheet1!G3 -> 0.55466667 | H3: =[2]Sheet1!H3 -> 0.15 | ... T3: =[2]Sheet1!T3 -> 0.80931759 | U3: MAJ | W3: MIN | X3: =COUNTIF(U2:U1955,"MIN") -> 79 | Y3: IR | Z3: % MIN
A4: =[2]Sheet1!A4 -> 1 | B4: =[2]Sheet1!B4 -> 1.8 | C4: =[2]Sheet1!C4 -> 0.25925926 | D4: =[2]Sheet1!D4 -> 1.4175 | E4: =[2]Sheet1!E4 -> 0.17948718 | F4: =[2]Sheet1!F4 -> 26.530612 | G4: =[2]Sheet1!G4 -> 0.7669465 | H4: =[2]Sheet1!H4 -> 0.061989796 | ... T4: =[2]Sheet1!T4 -> 0.59166667 | U4: MAJ | X4: =X2+X3 -> 708 | Y4: =X2/X3 -> 7.9620253 | Z4: =(X3/X4)*100 -> 11.158192
A5: =[2]Sheet1!A5 -> 1 | B5: =[2]Sheet1!B5 -> 1.8 | C5: =[2]Sheet1!C5 -> 0.11111111 | D5: =[2]Sheet1!D5 -> 7.0875 | E5: =[2]Sheet1!E5 -> 0.076923077 | F5: =[2]Sheet1!F5 -> 81.25 | G5: =[2]Sheet1!G5 -> 0.14086772 | H5: =[2]Sheet1!H5 -> 0.196875 | ... T5: =[2]Sheet1!T5 -> 1.26 | U5: MAJ
A6: =[2]Sheet1!A6 -> 1 | B6: =[2]Sheet1!B6 -> 1.8 | C6: =[2]Sheet1!C6 -> 0.25925926 | D6: =[2]Sheet1!D6 -> 2.9842105 | E6: =[2]Sheet1!E6 -> 0.17948718 | F6: =[2]Sheet1!F6 -> 51.231527 | G6: =[2]Sheet1!G6 -> 0.39716872 | H6: =[2]Sheet1!H6 -> 0.11970443 | ... T6: =[2]Sheet1!T6 -> 0.74375 | U6: MIN
A7: =[2]Sheet1!A7 -> 1 | B7: =[2]Sheet1!B7 -> 1.8 | C7: =[2]Sheet1!C7 -> 0.074074074 | D7: =[2]Sheet1!D7 -> 11.34 | E7: =[2]Sheet1!E7 -> 0.051282051 | F7: =[2]Sheet1!F7 -> 0 | G7: =[2]Sheet1!G7 -> 0 | H7: =[2]Sheet1!H7 -> 0.12 | ... T7: =[2]Sheet1!T7 -> 0.875 | U7: MAJ
A8: =[2]Sheet1!A8 -> 1 | B8: =[2]Sheet1!B8 -> 1.8 | C8: =[2]Sheet1!C8 -> 0.22222222 | D8: =[2]Sheet1!D8 -> 2.268 | E8: =[2]Sheet1!E8 -> 0.15384615 | F8: =[2]Sheet1!F8 -> 21.576763 | G8: =[2]Sheet1!G8 -> 0.23575779 | H8: =[2]Sheet1!H8 -> 0.1120332 | ... T8: =[2]Sheet1!T8 -> 0.74204947 | U8: MAJ
A9: =[2]Sheet1!A9 -> 1 | B9: =[2]Sheet1!B9 -> 1.8 | C9: =[2]Sheet1!C9 -> 0.37037037 | D9: =[2]Sheet1!D9 -> 1.5324324 | E9: =[2]Sheet1!E9 -> 0.25641026 | F9: =[2]Sheet1!F9 -> 28.493151 | G9: =[2]Sheet1!G9 -> 0.71412111 | H9: =[2]Sheet1!H9 -> 0.14794521 | ... T9: =[2]Sheet1!T9 -> 0.67741935 | U9: MAJ
A10: =[2]Sheet1!A10 -> 1 | B10: =[2]Sheet1!B10 -> 1.8 | C10: =[2]Sheet1!C10 -> 0.18518519 | D10: =[2]Sheet1!D10 -> 2.7 | E10: =[2]Sheet1!E10 -> 0.12820513 | F10: =[2]Sheet1!F10 -> 47.058824 | G10: =[2]Sheet1!G10 -> 0.43238566 | H10: =[2]Sheet1!H10 -> 0.13438914 | ... T10: =[2]Sheet1!T10 -> 0.73181818 | U10: MAJ
A11: =[2]Sheet1!A11 -> 1 | B11: =[2]Sheet1!B11 -> 1.8 | C11: =[2]Sheet1!C11 -> 0.14814815 | D11: =[2]Sheet1!D11 -> 4.05 | E11: =[2]Sheet1!E11 -> 0.1025641 | F11: =[2]Sheet1!F11 -> 0 | G11: =[2]Sheet1!G11 -> 0 | H11: =[2]Sheet1!H11 -> 0.17142857 | ... T11: =[2]Sheet1!T11 -> 0.74325843 | U11: MAJ
A12: =[2]Sheet1!A12 -> 1 | B12: =[2]Sheet1!B12 -> 1.8 | C12: =[2]Sheet1!C12 -> 0.2962963 | D12: =[2]Sheet1!D12 -> 1.62 | E12: =[2]Sheet1!E12 -> 0.20512821 | F12: =[2]Sheet1!F12 -> 36.619718 | G12: =[2]Sheet1!G12 -> 0.86819518 | H12: =[2]Sheet1!H12 -> 0.076056338 | ... T12: =[2]Sheet1!T12 -> 0.59659091 | U12: MIN
A13: =[2]Sheet1!A13 -> 1 | B13: =[2]Sheet1!B13 -> 1.8 | C13: =[2]Sheet1!C13 -> 0.44444444 | D13: =[2]Sheet1!D13 -> 1.2886364 | E13: =[2]Sheet1!E13 -> 0.30769231 | F13: =[2]Sheet1!F13 -> 0 | G13: =[2]Sheet1!G13 -> 0 | H13: =[2]Sheet1!H13 -> 0.20454545 | ... T13: =[2]Sheet1!T13 -> 0.80888889 | U13: MAJ
A14: =[2]Sheet1!A14 -> 1 | B14: =[2]Sheet1!B14 -> 1.8 | C14: =[2]Sheet1!C14 -> 0.2962963 | D14: =[2]Sheet1!D14 -> 1.9551724 | E14: =[2]Sheet1!E14 -> 0.20512821 | F14: =[2]Sheet1!F14 -> 9.6654275 | G14: =[2]Sheet1!G14 -> 0.13157437 | H14: =[2]Sheet1!H14 -> 0.1204461 | ... T14: =[2]Sheet1!T14 -> 0.99166667 | U14: MAJ
A15: =[2]Sheet1!A15 -> 1 | B15: =[2]Sheet1!B15 -> 1.8 | C15: =[2]Sheet1!C15 -> 0.33333333 | D15: =[2]Sheet1!D15 -> 1.5324324 | E15: =[2]Sheet1!E15 -> 0.23076923 | F15: =[2]Sheet1!F15 -> 25.207756 | G15: =[2]Sheet1!G15 -> 0.61800823 | H15: =[2]Sheet1!H15 -> 0.11218837 | ... T15: =[2]Sheet1!T15 -> 0.675 | U15: MIN
A16: =[2]Sheet1!A16 -> 1 | B16: =[2]Sheet1!B16 -> 1.8 | C16: =[2]Sheet1!C16 -> 0.2962963 | D16: =[2]Sheet1!D16 -> 1.4175 | E16: =[2]Sheet1!E16 -> 0.20512821 | F16: =[2]Sheet1!F16 -> 26.530612 | G16: =[2]Sheet1!G16 -> 0.7669465 | H16: =[2]Sheet1!H16 -> 0.12397959 | ... T16: =[2]Sheet1!T16 -> 0.6125 | U16: MAJ
... A709: =[2]Sheet1!A709 -> 5 | B709: =[2]Sheet1!B709 -> 1.8 | C709: =[2]Sheet1!C709 -> 0.037037037 | D709: =[2]Sheet1!D709 -> 18.9 | E709: =[2]Sheet1!E709 -> 0.125 | F709: =[2]Sheet1!F709 -> 0 | G709: =[2]Sheet1!G709 -> 0 | H709: =[2]Sheet1!H709 -> 0.3 | ... T709: =[2]Sheet1!T709 -> 1.05 | U709: MAJ

Sheet Sheet2
A1: FLOWRATE | B1: PEDSPACE | C1: RLO | D1: DF/OCC | E1: DTYPE | F1: OLD PROP | G1: DISABLED | H1: HANDRAIL | I1: SIDE | J1: SUM | K1: AVG | L1: CLASS | M1: EST '1' | N1: EST '2' | O1: PRED CLSS | P1: PROB PC | Q1: PROB AC | T1: FLOWRATE | U1: PEDSPACE | V1: RLO | W1: DF/OCC | X1: DTYPE | Y1: OLD PROP | Z1: DISABLED | AA1: HANDRAIL | AB1: SIDE
A2: =((Sheet1!C2-$T$2)/$T$3) -> 0.25893406 | B2: =((Sheet1!D2-$U$2)/$U$3) -> -0.50283545 | C2: =((Sheet1!G2-$V$2)/$V$3) -> -0.11621745 | D2: =((Sheet1!H2-$W$2)/$W$3) -> -0.39054307 | E2: =((Sheet1!L2-$X$2)/$X$3) -> 1.1066539 | F2: =((Sheet1!M2-$Y$2)/$Y$3) -> -0.54577811 | G2: =((Sheet1!N2-$Z$2)/$Z$3) -> -0.21020298 | H2: =((Sheet1!P2-$AA$2)/$AA$3) -> -0.28843809 | I2: =((Sheet1!R2-$AB$2)/$AB$3) -> 1.0544619 | J2: =SUM(A2:I2) -> 0.36603477 | K2: =AVERAGE(A2:I2) -> 0.04067053 | L2: =Sheet1!#REF! -> #REF! | M2: 0.92 | N2: 0.08 | O2: 1 | P2: 0.92 | Q2: 0.92 | S2: AVG | T2: =AVERAGE(Sheet1!C2:C709) -> 0.12617702 | U2: =AVERAGE(Sheet1!D2:D709) -> 6.7612409 | V2: =AVERAGE(Sheet1!G2:G709) -> 0.19437704 | W2: =AVERAGE(Sheet1!H2:H709) -> 0.14765765 | X2: =AVERAGE(Sheet1!L2:L709) -> 0.44915254 | Y2: =AVERAGE(Sheet1!M2:M709) -> 0.34322034 | Z2: =AVERAGE(Sheet1!N2:N709) -> 0.042372881 | AA2: =AVERAGE(Sheet1!P2:P709) -> 0.093220339 | AB2: =AVERAGE(Sheet1!R2:R709) -> 1.4138418
A3: =((Sheet1!C3-$T$2)/$T$3) -> 2.0048895 | B3: =((Sheet1!D3-$U$2)/$U$3) -> -0.92171547 | C3: =((Sheet1!G3-$V$2)/$V$3) -> 1.5593569 | D3: =((Sheet1!H3-$W$2)/$W$3) -> 0.031105236 | E3: =((Sheet1!L3-$X$2)/$X$3) -> 1.1066539 | F3: =((Sheet1!M3-$Y$2)/$Y$3) -> -0.54577811 | G3: =((Sheet1!N3-$Z$2)/$Z$3) -> -0.21020298 | H3: =((Sheet1!P3-$AA$2)/$AA$3) -> -0.28843809 | I3: =((Sheet1!R3-$AB$2)/$AB$3) -> 1.0544619 | J3: =SUM(A3:I3) -> 3.7903328 | K3: =AVERAGE(A3:I3) -> 0.42114809 | L3: =Sheet1!#REF! -> #REF! | M3: 0.92 | N3: 0.08 | O3: 1 | P3: 0.92 | Q3: 0.92 | S3: STDDEV | T3: =STDEV(Sheet1!C2:C709) -> 0.084852195 | U3: =STDEV(Sheet1!D2:D709) -> 4.7723414 | V3: =STDEV(Sheet1!G2:G709) -> 0.23105013 | W3: =STDEV(Sheet1!H2:H709) -> 0.075304049 | X3: =STDEV(Sheet1!L2:L709) -> 0.49775947 | Y3: =STDEV(Sheet1!M2:M709) -> 0.62886424 | Z3: =STDEV(Sheet1!N2:N709) -> 0.20158079 | AA3: =STDEV(Sheet1!P2:P709) -> 0.32319011 | AB3: =STDEV(Sheet1!R2:R709) -> 1.5042346
A4: =((Sheet1!C4-$T$2)/$T$3) -> 1.5684006 | B4: =((Sheet1!D4-$U$2)/$U$3) -> -1.1197315 | C4: =((Sheet1!G4-$V$2)/$V$3) -> 2.4781178 | D4: =((Sheet1!H4-$W$2)/$W$3) -> -1.1376261 | E4: =((Sheet1!L4-$X$2)/$X$3) -> 1.1066539 | F4: =((Sheet1!M4-$Y$2)/$Y$3) -> 2.6345585 | G4: =((Sheet1!N4-$Z$2)/$Z$3) -> 4.7505872 | H4: =((Sheet1!P4-$AA$2)/$AA$3) -> -0.28843809 | I4: =((Sheet1!R4-$AB$2)/$AB$3) -> 0.38967205 | J4: =SUM(A4:I4) -> 10.382194 | K4: =AVERAGE(A4:I4) -> 1.1535772 | L4: =Sheet1!#REF! -> #REF! | M4: 0.24 | N4: 0.76 | O4: 2 | P4: 0.76 | Q4: 0.24
A5: =((Sheet1!C5-$T$2)/$T$3) -> -0.17755479 | B5: =((Sheet1!D5-$U$2)/$U$3) -> 0.06836458 | C5: =((Sheet1!G5-$V$2)/$V$3) -> -0.23159181 | D5: =((Sheet1!H5-$W$2)/$W$3) -> 0.65358173 | E5: =((Sheet1!L5-$X$2)/$X$3) -> -0.90234857 | F5: =((Sheet1!M5-$Y$2)/$Y$3) -> -0.54577811 | G5: =((Sheet1!N5-$Z$2)/$Z$3) -> -0.21020298 | H5: =((Sheet1!P5-$AA$2)/$AA$3) -> -0.28843809 | I5: =((Sheet1!R5-$AB$2)/$AB$3) -> -0.27511786 | J5: =SUM(A5:I5) -> -1.9090859 | K5: =AVERAGE(A5:I5) -> -0.21212065 | L5: =Sheet1!#REF! -> #REF! | M5: 0.98 | N5: 0.02 | O5: 1 | P5: 0.98 | Q5: 0.98
A6: =((Sheet1!C6-$T$2)/$T$3) -> 1.5684006 | B6: =((Sheet1!D6-$U$2)/$U$3) -> -0.79144178 | C6: =((Sheet1!G6-$V$2)/$V$3) -> 0.87769558 | D6: =((Sheet1!H6-$W$2)/$W$3) -> -0.37120469 | E6: =((Sheet1!L6-$X$2)/$X$3) -> 1.1066539 | F6: =((Sheet1!M6-$Y$2)/$Y$3) -> -0.54577811 | G6: =((Sheet1!N6-$Z$2)/$Z$3) -> -0.21020298 | H6: =((Sheet1!P6-$AA$2)/$AA$3) -> -0.28843809 | I6: =((Sheet1!R6-$AB$2)/$AB$3) -> 2.3840418 | J6: =SUM(A6:I6) -> 3.7297262 | K6: =AVERAGE(A6:I6) -> 0.41441402 | L6: =Sheet1!#REF! -> #REF! | M6: 0.9 | N6: 0.1 | O6: 1 | P6: 0.9 | Q6: 0.1
A7: =((Sheet1!C7-$T$2)/$T$3) -> -0.61404364 | B7: =((Sheet1!D7-$U$2)/$U$3) -> 0.95943662 | C7: =((Sheet1!G7-$V$2)/$V$3) -> -0.84127648 | D7: =((Sheet1!H7-$W$2)/$W$3) -> -0.36727972 | E7: =((Sheet1!L7-$X$2)/$X$3) -> 1.1066539 | F7: =((Sheet1!M7-$Y$2)/$Y$3) -> -0.54577811 | G7: =((Sheet1!N7-$Z$2)/$Z$3) -> -0.21020298 | H7: =((Sheet1!P7-$AA$2)/$AA$3) -> -0.28843809 | I7: =((Sheet1!R7-$AB$2)/$AB$3) -> -0.27511786 | J7: =SUM(A7:I7) -> -1.0760463 | K7: =AVERAGE(A7:I7) -> -0.1195607 | L7: =Sheet1!#REF! -> #REF! | M7: 0.99 | N7: 0.01 | O7: 1 | P7: 0.99 | Q7: 0.99
A8: =((Sheet1!C8-$T$2)/$T$3) -> 1.1319118 | B8: =((Sheet1!D8-$U$2)/$U$3) -> -0.94151707 | C8: =((Sheet1!G8-$V$2)/$V$3) -> 0.17909856 | D8: =((Sheet1!H8-$W$2)/$W$3) -> -0.47307489 | E8: =((Sheet1!L8-$X$2)/$X$3) -> 1.1066539 | F8: =((Sheet1!M8-$Y$2)/$Y$3) -> -0.54577811 | G8: =((Sheet1!N8-$Z$2)/$Z$3) -> -0.21020298 | H8: =((Sheet1!P8-$AA$2)/$AA$3) -> -0.28843809 | I8: =((Sheet1!R8-$AB$2)/$AB$3) -> 1.7192519 | J8: =SUM(A8:I8) -> 1.677905 | K8: =AVERAGE(A8:I8) -> 0.18643388 | L8: =Sheet1!#REF! -> #REF! | M8: 0.86 | N8: 0.14 | O8: 1 | P8: 0.86 | Q8: 0.86
A9: =((Sheet1!C9-$T$2)/$T$3) -> 2.8778672 | B9: =((Sheet1!D9-$U$2)/$U$3) -> -1.0956485 | C9: =((Sheet1!G9-$V$2)/$V$3) -> 2.2494861 | D9: =((Sheet1!H9-$W$2)/$W$3) -> 0.0038185951 | E9: =((Sheet1!L9-$X$2)/$X$3) -> 1.1066539 | F9: =((Sheet1!M9-$Y$2)/$Y$3) -> -0.54577811 | G9: =((Sheet1!N9-$Z$2)/$Z$3) -> -0.21020298 | H9: =((Sheet1!P9-$AA$2)/$AA$3) -> -0.28843809 | I9: =((Sheet1!R9-$AB$2)/$AB$3) -> 4.3784115 | J9: =SUM(A9:I9) -> 8.4761696 | K9: =AVERAGE(A9:I9) -> 0.94179662 | L9: =Sheet1!#REF! -> #REF! | M9: 0.89 | N9: 0.11 | O9: 1 | P9: 0.89 | Q9: 0.89
A10: =((Sheet1!C10-$T$2)/$T$3) -> 0.69542292 | B10: =((Sheet1!D10-$U$2)/$U$3) -> -0.85099547 | C10: =((Sheet1!G10-$V$2)/$V$3) -> 1.0301167 | D10: =((Sheet1!H10-$W$2)/$W$3) -> -0.17619915 | E10: =((Sheet1!L10-$X$2)/$X$3) -> -0.90234857 | F10: =((Sheet1!M10-$Y$2)/$Y$3) -> 1.0443902 | G10: =((Sheet1!N10-$Z$2)/$Z$3) -> -0.21020298 | H10: =((Sheet1!P10-$AA$2)/$AA$3) -> -0.28843809 | I10: =((Sheet1!R10-$AB$2)/$AB$3) -> 1.7192519 | J10: =SUM(A10:I10) -> 2.0609975 | K10: =AVERAGE(A10:I10) -> 0.22899972 | L10: =Sheet1!#REF! -> #REF! | M10: 0.83 | N10: 0.17 | O10: 1 | P10: 0.83 | Q10: 0.83
A11: =((Sheet1!C11-$T$2)/$T$3) -> 0.25893406 | B11: =((Sheet1!D11-$U$2)/$U$3) -> -0.56811545 | C11: =((Sheet1!G11-$V$2)/$V$3) -> -0.84127648 | D11: =((Sheet1!H11-$W$2)/$W$3) -> 0.31566592 | E11: =((Sheet1!L11-$X$2)/$X$3) -> 1.1066539 | F11: =((Sheet1!M11-$Y$2)/$Y$3) -> 1.0443902 | G11: =((Sheet1!N11-$Z$2)/$Z$3) -> -0.21020298 | H11: =((Sheet1!P11-$AA$2)/$AA$3) -> -0.28843809 | I11: =((Sheet1!R11-$AB$2)/$AB$3) -> 1.7192519 | J11: =SUM(A11:I11) -> 2.536863 | K11: =AVERAGE(A11:I11) -> 0.28187366 | L11: =Sheet1!#REF! -> #REF! | M11: 0.89 | N11: 0.11 | O11: 1 | P11: 0.89 | Q11: 0.89
A12: =((Sheet1!C12-$T$2)/$T$3) -> 2.0048895 | B12: =((Sheet1!D12-$U$2)/$U$3) -> -1.0772995 | C12: =((Sheet1!G12-$V$2)/$V$3) -> 2.9163287 | D12: =((Sheet1!H12-$W$2)/$W$3) -> -0.95082951 | E12: =((Sheet1!L12-$X$2)/$X$3) -> 1.1066539 | F12: =((Sheet1!M12-$Y$2)/$Y$3) -> 1.0443902 | G12: =((Sheet1!N12-$Z$2)/$Z$3) -> 4.7505872 | H12: =((Sheet1!P12-$AA$2)/$AA$3) -> -0.28843809 | I12: =((Sheet1!R12-$AB$2)/$AB$3) -> 3.0488317 | J12: =SUM(A12:I12) -> 12.555114 | K12: =AVERAGE(A12:I12) -> 1.3950127 | L12: =Sheet1!#REF! -> #REF! | M12: 0.4 | N12: 0.6 | O12: 2 | P12: 0.6 | Q12: 0.6
A13: =((Sheet1!C13-$T$2)/$T$3) -> 3.7508449 | B13: =((Sheet1!D13-$U$2)/$U$3) -> -1.1467337 | C13: =((Sheet1!G13-$V$2)/$V$3) -> -0.84127648 | D13: =((Sheet1!H13-$W$2)/$W$3) -> 0.75544152 | E13: =((Sheet1!L13-$X$2)/$X$3) -> 1.1066539 | F13: =((Sheet1!M13-$Y$2)/$Y$3) -> 1.0443902 | G13: =((Sheet1!N13-$Z$2)/$Z$3) -> -0.21020298 | H13: =((Sheet1!P13-$AA$2)/$AA$3) -> -0.28843809 | I13: =((Sheet1!R13-$AB$2)/$AB$3) -> 3.7136216 | J13: =SUM(A13:I13) -> 7.8843009 | K13: =AVERAGE(A13:I13) -> 0.87603343 | L13: =Sheet1!#REF! -> #REF! | M13: 0.89 | N13: 0.11 | O13: 1 | P13: 0.89 | Q13: 0.89
A14: =((Sheet1!C14-$T$2)/$T$3) -> 2.0048895 | B14: =((Sheet1!D14-$U$2)/$U$3) -> -1.0070672 | C14: =((Sheet1!G14-$V$2)/$V$3) -> -0.27181406 | D14: =((Sheet1!H14-$W$2)/$W$3) -> -0.36135578 | E14: =((Sheet1!L14-$X$2)/$X$3) -> 1.1066539 | F14: =((Sheet1!M14-$Y$2)/$Y$3) -> -0.54577811 | G14: =((Sheet1!N14-$Z$2)/$Z$3) -> -0.21020298 | H14: =((Sheet1!P14-$AA$2)/$AA$3) -> -0.28843809 | I14: =((Sheet1!R14-$AB$2)/$AB$3) -> 3.0488317 | J14: =SUM(A14:I14) -> 3.4757188 | K14: =AVERAGE(A14:I14) -> 0.38619098 | L14: =Sheet1!#REF! -> #REF! | M14: 0.87 | N14: 0.13 | O14: 1 | P14: 0.87 | Q14: 0.87
A15: =((Sheet1!C15-$T$2)/$T$3) -> 2.4413783 | B15: =((Sheet1!D15-$U$2)/$U$3) -> -1.0956485 | C15: =((Sheet1!G15-$V$2)/$V$3) -> 1.8335033 | D15: =((Sheet1!H15-$W$2)/$W$3) -> -0.47101431 | E15: =((Sheet1!L15-$X$2)/$X$3) -> -0.90234857 | F15: =((Sheet1!M15-$Y$2)/$Y$3) -> 2.6345585 | G15: =((Sheet1!N15-$Z$2)/$Z$3) -> 4.7505872 | H15: =((Sheet1!P15-$AA$2)/$AA$3) -> -0.28843809 | I15: =((Sheet1!R15-$AB$2)/$AB$3) -> 3.0488317 | J15: =SUM(A15:I15) -> 11.95141 | K15: =AVERAGE(A15:I15) -> 1.3279344 | L15: =Sheet1!#REF! -> #REF! | M15: 0.36 | N15: 0.64 | O15: 2 | P15: 0.64 | Q15: 0.64
... A709: =((Sheet1!C709-$T$2)/$T$3) -> -1.0505325 | B709: =((Sheet1!D709-$U$2)/$U$3) -> 2.5435647 | C709: =((Sheet1!G709-$V$2)/$V$3) -> -0.84127648 | D709: =((Sheet1!H709-$W$2)/$W$3) -> 2.02303 | E709: =((Sheet1!L709-$X$2)/$X$3) -> -0.90234857 | F709: =((Sheet1!M709-$Y$2)/$Y$3) -> -0.54577811 | G709: =((Sheet1!N709-$Z$2)/$Z$3) -> -0.21020298 | H709: =((Sheet1!P709-$AA$2)/$AA$3) -> -0.28843809 | I709: =((Sheet1!R709-$AB$2)/$AB$3) -> -0.27511786 | J709: =SUM(A709:I709) -> 0.45290015 | K709: =AVERAGE(A709:I709) -> 0.050322238 | L709: =Sheet1!#REF! -> #REF! | M709: 1 | N709: 0 | O709: 1 | P709: 1 | Q709: 1
